version,case,launch,gen0,gen1,gen2,total_allocated_bytes,operations,allocated_bytes_per_operation
before,IntegerArrayComparison.CborDecode,1,9,0,0,151681920,36816,4120.0
before,IntegerArrayComparison.CborDecode,2,8,0,0,138563840,33632,4120.0
before,IntegerArrayComparison.CborEncode,1,14,0,0,229267712,75616,3032.0
before,IntegerArrayComparison.CborEncode,2,14,0,0,229849856,75808,3032.0
before,NestedModelComparison.CborDecode/OrderCount=1,1,34,0,0,536877696,604592,888.0
before,NestedModelComparison.CborDecode/OrderCount=1,2,34,0,0,542859264,611328,888.0
before,NestedModelComparison.CborDecode/OrderCount=64,1,30,4,0,485624832,9856,49272.0
before,NestedModelComparison.CborDecode/OrderCount=64,2,31,4,0,495873408,10064,49272.0
before,NestedModelComparison.CborEncode/OrderCount=1,1,9,0,0,146463744,871808,168.0
before,NestedModelComparison.CborEncode/OrderCount=1,2,9,0,0,146840064,874048,168.0
before,NestedModelComparison.CborEncode/OrderCount=64,1,8,0,0,137354240,15440,8896.0
before,NestedModelComparison.CborEncode/OrderCount=64,2,8,0,0,133653504,15024,8896.0
before,StringMapComparison.CborDecode,1,23,5,0,361417344,5008,72168.0
before,StringMapComparison.CborDecode,2,23,5,0,368345472,5104,72168.0
before,StringMapComparison.CborEncode,1,13,0,0,210336000,14000,15024.0
before,StringMapComparison.CborEncode,2,13,0,0,209134080,13920,15024.0
before,IntegerArrayDevelopment.Encode/Count=1,1,23,0,0,368699904,11521872,32.0
before,IntegerArrayDevelopment.Encode/Count=1,2,19,0,0,308000256,9625008,32.0
before,IntegerArrayDevelopment.Decode/Count=1,1,34,0,0,541388800,16918400,32.0
before,IntegerArrayDevelopment.Decode/Count=1,2,34,0,0,547068416,17095888,32.0
before,IntegerArrayDevelopment.Encode/Count=8,1,18,0,0,292219392,6087904,48.0
before,IntegerArrayDevelopment.Encode/Count=8,2,18,0,0,292346112,6090544,48.0
before,IntegerArrayDevelopment.Decode/Count=8,1,12,0,0,195413120,3489520,56.0
before,IntegerArrayDevelopment.Decode/Count=8,2,12,0,0,202797056,3621376,56.0
before,IntegerArrayDevelopment.Encode/Count=1024,1,14,0,0,220632576,72768,3032.0
before,IntegerArrayDevelopment.Encode/Count=1024,2,14,0,0,232760576,76768,3032.0
before,IntegerArrayDevelopment.Decode/Count=1024,1,8,0,0,138234240,33552,4120.0
before,IntegerArrayDevelopment.Decode/Count=1024,2,9,0,0,147990400,35920,4120.0
after,IntegerArrayComparison.CborDecode,1,15,0,0,243904000,59200,4120.0
after,IntegerArrayComparison.CborDecode,2,15,0,0,246277120,59776,4120.0
after,IntegerArrayComparison.CborEncode,1,19,0,0,311738112,102816,3032.0
after,IntegerArrayComparison.CborEncode,2,19,0,0,303830656,100208,3032.0
after,NestedModelComparison.CborDecode/OrderCount=1,1,35,0,0,550702080,620160,888.0
after,NestedModelComparison.CborDecode/OrderCount=1,2,35,0,0,560761344,631488,888.0
after,NestedModelComparison.CborDecode/OrderCount=64,1,32,4,0,514005504,10432,49272.0
after,NestedModelComparison.CborDecode/OrderCount=64,2,32,4,0,502180224,10192,49272.0
after,NestedModelComparison.CborEncode/OrderCount=1,1,9,0,0,144504192,860144,168.0
after,NestedModelComparison.CborEncode/OrderCount=1,2,9,0,0,156809856,933392,168.0
after,NestedModelComparison.CborEncode/OrderCount=64,1,8,0,0,128244736,14416,8896.0
after,NestedModelComparison.CborEncode/OrderCount=64,2,8,0,0,130949120,14720,8896.0
after,StringMapComparison.CborDecode,1,23,5,0,374118912,5184,72168.0
after,StringMapComparison.CborDecode,2,23,5,0,376428288,5216,72168.0
after,StringMapComparison.CborEncode,1,13,0,0,206970624,13776,15024.0
after,StringMapComparison.CborEncode,2,13,0,0,208412928,13872,15024.0
after,IntegerArrayDevelopment.Encode/Count=1,1,23,0,0,362290176,11321568,32.0
after,IntegerArrayDevelopment.Encode/Count=1,2,24,0,0,379403264,11856352,32.0
after,IntegerArrayDevelopment.Decode/Count=1,1,34,0,0,541553152,16923536,32.0
after,IntegerArrayDevelopment.Decode/Count=1,2,34,0,0,541105152,16909536,32.0
after,IntegerArrayDevelopment.Encode/Count=8,1,17,0,0,273573888,5699456,48.0
after,IntegerArrayDevelopment.Encode/Count=8,2,20,0,0,317354496,6611552,48.0
after,IntegerArrayDevelopment.Decode/Count=8,1,20,0,0,328076672,5858512,56.0
after,IntegerArrayDevelopment.Decode/Count=8,2,19,0,0,308918400,5516400,56.0
after,IntegerArrayDevelopment.Encode/Count=1024,1,19,0,0,303927680,100240,3032.0
after,IntegerArrayDevelopment.Encode/Count=1024,2,19,0,0,304800896,100528,3032.0
after,IntegerArrayDevelopment.Decode/Count=1024,1,15,0,0,247397760,60048,4120.0
after,IntegerArrayDevelopment.Decode/Count=1024,2,15,0,0,241662720,58656,4120.0
