case,launch,stage,iteration,operations,total_ns,ns_per_operation
NestedModelComparison.PeterODecode/OrderCount=1,1,OverheadActual,1,47344,114800.0,2.4248056775937816
NestedModelComparison.PeterODecode/OrderCount=1,1,OverheadActual,2,47344,114400.0,2.41635687732342
NestedModelComparison.PeterODecode/OrderCount=1,1,OverheadActual,3,47344,114000.0,2.4079080770530585
NestedModelComparison.PeterODecode/OrderCount=1,1,OverheadActual,4,47344,118800.0,2.509293680297398
NestedModelComparison.PeterODecode/OrderCount=1,1,OverheadActual,5,47344,114400.0,2.41635687732342
NestedModelComparison.PeterODecode/OrderCount=1,1,OverheadActual,6,47344,111300.0,2.3508786752281177
NestedModelComparison.PeterODecode/OrderCount=1,1,OverheadActual,7,47344,119800.0,2.530415680973302
NestedModelComparison.PeterODecode/OrderCount=1,1,OverheadActual,8,47344,112800.0,2.3825616762419735
NestedModelComparison.PeterODecode/OrderCount=1,1,OverheadActual,9,47344,112100.0,2.3677762757688408
NestedModelComparison.PeterODecode/OrderCount=1,1,OverheadActual,10,47344,113900.0,2.405795876985468
NestedModelComparison.PeterODecode/OrderCount=1,1,OverheadActual,11,47344,113100.0,2.388898276444745
NestedModelComparison.PeterODecode/OrderCount=1,1,OverheadActual,12,47344,122000.0,2.5768840824602908
NestedModelComparison.PeterODecode/OrderCount=1,1,OverheadActual,13,47344,112600.0,2.3783372761067927
NestedModelComparison.PeterODecode/OrderCount=1,1,OverheadActual,14,47344,115400.0,2.437478877999324
NestedModelComparison.PeterODecode/OrderCount=1,1,OverheadActual,15,47344,114400.0,2.41635687732342
NestedModelComparison.PeterODecode/OrderCount=1,1,WorkloadActual,1,47344,504974800.0,10666.078066914499
NestedModelComparison.PeterODecode/OrderCount=1,1,WorkloadActual,2,47344,497961400.0,10517.941027374112
NestedModelComparison.PeterODecode/OrderCount=1,1,WorkloadActual,3,47344,508503300.0,10740.607046299425
NestedModelComparison.PeterODecode/OrderCount=1,1,WorkloadActual,4,47344,497964600.0,10518.008617776275
NestedModelComparison.PeterODecode/OrderCount=1,1,WorkloadActual,5,47344,513067600.0,10837.014193984454
NestedModelComparison.PeterODecode/OrderCount=1,1,WorkloadActual,6,47344,502337500.0,10610.373014531937
NestedModelComparison.PeterODecode/OrderCount=1,1,WorkloadActual,7,47344,503180000.0,10628.168300101386
NestedModelComparison.PeterODecode/OrderCount=1,1,WorkloadActual,8,47344,509840100.0,10768.842936802974
NestedModelComparison.PeterODecode/OrderCount=1,1,WorkloadResult,1,47344,504860400.0,10663.661710037175
NestedModelComparison.PeterODecode/OrderCount=1,1,WorkloadResult,2,47344,497847000.0,10515.52467049679
NestedModelComparison.PeterODecode/OrderCount=1,1,WorkloadResult,3,47344,508388900.0,10738.190689422103
NestedModelComparison.PeterODecode/OrderCount=1,1,WorkloadResult,4,47344,497850200.0,10515.592260898953
NestedModelComparison.PeterODecode/OrderCount=1,1,WorkloadResult,5,47344,512953200.0,10834.59783710713
NestedModelComparison.PeterODecode/OrderCount=1,1,WorkloadResult,6,47344,502223100.0,10607.956657654613
NestedModelComparison.PeterODecode/OrderCount=1,1,WorkloadResult,7,47344,503065600.0,10625.751943224062
NestedModelComparison.PeterODecode/OrderCount=1,1,WorkloadResult,8,47344,509725700.0,10766.42657992565
NestedModelComparison.PeterODecode/OrderCount=1,2,OverheadActual,1,46192,109100.0,2.3618808451679945
NestedModelComparison.PeterODecode/OrderCount=1,2,OverheadActual,2,46192,111700.0,2.4181676480775893
NestedModelComparison.PeterODecode/OrderCount=1,2,OverheadActual,3,46192,113800.0,2.463630065812262
NestedModelComparison.PeterODecode/OrderCount=1,2,OverheadActual,4,46192,109500.0,2.370540353307932
NestedModelComparison.PeterODecode/OrderCount=1,2,OverheadActual,5,46192,112800.0,2.441981295462418
NestedModelComparison.PeterODecode/OrderCount=1,2,OverheadActual,6,46192,112000.0,2.4246622791825425
NestedModelComparison.PeterODecode/OrderCount=1,2,OverheadActual,7,46192,114900.0,2.4874437131970906
NestedModelComparison.PeterODecode/OrderCount=1,2,OverheadActual,8,46192,111600.0,2.4160027710426046
NestedModelComparison.PeterODecode/OrderCount=1,2,OverheadActual,9,46192,111200.0,2.407343262902667
NestedModelComparison.PeterODecode/OrderCount=1,2,OverheadActual,10,46192,111000.0,2.4030135088326983
NestedModelComparison.PeterODecode/OrderCount=1,2,OverheadActual,11,46192,109900.0,2.3791998614478698
NestedModelComparison.PeterODecode/OrderCount=1,2,OverheadActual,12,46192,112200.0,2.4289920332525115
NestedModelComparison.PeterODecode/OrderCount=1,2,OverheadActual,13,46192,111800.0,2.4203325251125736
NestedModelComparison.PeterODecode/OrderCount=1,2,OverheadActual,14,46192,116700.0,2.5264114998268097
NestedModelComparison.PeterODecode/OrderCount=1,2,OverheadActual,15,46192,108900.0,2.3575510910980255
NestedModelComparison.PeterODecode/OrderCount=1,2,WorkloadActual,1,46192,496300700.0,10744.299878766886
NestedModelComparison.PeterODecode/OrderCount=1,2,WorkloadActual,2,46192,500754600.0,10840.721337028057
NestedModelComparison.PeterODecode/OrderCount=1,2,WorkloadActual,3,46192,497270800.0,10765.30135088327
NestedModelComparison.PeterODecode/OrderCount=1,2,WorkloadActual,4,46192,496569300.0,10750.114738482855
NestedModelComparison.PeterODecode/OrderCount=1,2,WorkloadActual,5,46192,496467200.0,10747.904399030134
NestedModelComparison.PeterODecode/OrderCount=1,2,WorkloadActual,6,46192,496663500.0,10752.15405264981
NestedModelComparison.PeterODecode/OrderCount=1,2,WorkloadActual,7,46192,496646100.0,10751.777364045722
NestedModelComparison.PeterODecode/OrderCount=1,2,WorkloadActual,8,46192,495671800.0,10730.684967093868
NestedModelComparison.PeterODecode/OrderCount=1,2,WorkloadResult,1,46192,496189000.0,10741.88171111881
NestedModelComparison.PeterODecode/OrderCount=1,2,WorkloadResult,2,46192,497159100.0,10762.883183235192
NestedModelComparison.PeterODecode/OrderCount=1,2,WorkloadResult,3,46192,496457600.0,10747.696570834776
NestedModelComparison.PeterODecode/OrderCount=1,2,WorkloadResult,4,46192,496355500.0,10745.486231382058
NestedModelComparison.PeterODecode/OrderCount=1,2,WorkloadResult,5,46192,496551800.0,10749.735885001732
NestedModelComparison.PeterODecode/OrderCount=1,2,WorkloadResult,6,46192,496534400.0,10749.359196397645
NestedModelComparison.PeterODecode/OrderCount=1,2,WorkloadResult,7,46192,495560100.0,10728.266799445792
NestedModelComparison.PeterODecode/OrderCount=64,1,OverheadActual,1,720,2300.0,3.1944444444444446
NestedModelComparison.PeterODecode/OrderCount=64,1,OverheadActual,2,720,2300.0,3.1944444444444446
NestedModelComparison.PeterODecode/OrderCount=64,1,OverheadActual,3,720,2300.0,3.1944444444444446
NestedModelComparison.PeterODecode/OrderCount=64,1,OverheadActual,4,720,2200.0,3.0555555555555554
NestedModelComparison.PeterODecode/OrderCount=64,1,OverheadActual,5,720,2200.0,3.0555555555555554
NestedModelComparison.PeterODecode/OrderCount=64,1,OverheadActual,6,720,2200.0,3.0555555555555554
NestedModelComparison.PeterODecode/OrderCount=64,1,OverheadActual,7,720,2100.0,2.9166666666666665
NestedModelComparison.PeterODecode/OrderCount=64,1,OverheadActual,8,720,2200.0,3.0555555555555554
NestedModelComparison.PeterODecode/OrderCount=64,1,OverheadActual,9,720,2100.0,2.9166666666666665
NestedModelComparison.PeterODecode/OrderCount=64,1,OverheadActual,10,720,2100.0,2.9166666666666665
NestedModelComparison.PeterODecode/OrderCount=64,1,OverheadActual,11,720,2100.0,2.9166666666666665
NestedModelComparison.PeterODecode/OrderCount=64,1,OverheadActual,12,720,2200.0,3.0555555555555554
NestedModelComparison.PeterODecode/OrderCount=64,1,OverheadActual,13,720,2100.0,2.9166666666666665
NestedModelComparison.PeterODecode/OrderCount=64,1,OverheadActual,14,720,2300.0,3.1944444444444446
NestedModelComparison.PeterODecode/OrderCount=64,1,OverheadActual,15,720,2200.0,3.0555555555555554
NestedModelComparison.PeterODecode/OrderCount=64,1,WorkloadActual,1,720,503639600.0,699499.4444444445
NestedModelComparison.PeterODecode/OrderCount=64,1,WorkloadActual,2,720,503437700.0,699219.0277777778
NestedModelComparison.PeterODecode/OrderCount=64,1,WorkloadActual,3,720,504132600.0,700184.1666666666
NestedModelComparison.PeterODecode/OrderCount=64,1,WorkloadActual,4,720,499097600.0,693191.1111111111
NestedModelComparison.PeterODecode/OrderCount=64,1,WorkloadActual,5,720,503912000.0,699877.7777777778
NestedModelComparison.PeterODecode/OrderCount=64,1,WorkloadActual,6,720,501097500.0,695968.75
NestedModelComparison.PeterODecode/OrderCount=64,1,WorkloadActual,7,720,503691000.0,699570.8333333334
NestedModelComparison.PeterODecode/OrderCount=64,1,WorkloadActual,8,720,501052700.0,695906.5277777778
NestedModelComparison.PeterODecode/OrderCount=64,1,WorkloadResult,1,720,503637400.0,699496.3888888889
NestedModelComparison.PeterODecode/OrderCount=64,1,WorkloadResult,2,720,503435500.0,699215.9722222222
NestedModelComparison.PeterODecode/OrderCount=64,1,WorkloadResult,3,720,504130400.0,700181.1111111111
NestedModelComparison.PeterODecode/OrderCount=64,1,WorkloadResult,4,720,499095400.0,693188.0555555555
NestedModelComparison.PeterODecode/OrderCount=64,1,WorkloadResult,5,720,503909800.0,699874.7222222222
NestedModelComparison.PeterODecode/OrderCount=64,1,WorkloadResult,6,720,501095300.0,695965.6944444445
NestedModelComparison.PeterODecode/OrderCount=64,1,WorkloadResult,7,720,503688800.0,699567.7777777778
NestedModelComparison.PeterODecode/OrderCount=64,1,WorkloadResult,8,720,501050500.0,695903.4722222222
NestedModelComparison.PeterODecode/OrderCount=64,2,OverheadActual,1,736,2200.0,2.989130434782609
NestedModelComparison.PeterODecode/OrderCount=64,2,OverheadActual,2,736,2300.0,3.125
NestedModelComparison.PeterODecode/OrderCount=64,2,OverheadActual,3,736,2300.0,3.125
NestedModelComparison.PeterODecode/OrderCount=64,2,OverheadActual,4,736,2200.0,2.989130434782609
NestedModelComparison.PeterODecode/OrderCount=64,2,OverheadActual,5,736,2300.0,3.125
NestedModelComparison.PeterODecode/OrderCount=64,2,OverheadActual,6,736,2200.0,2.989130434782609
NestedModelComparison.PeterODecode/OrderCount=64,2,OverheadActual,7,736,2100.0,2.8532608695652173
NestedModelComparison.PeterODecode/OrderCount=64,2,OverheadActual,8,736,2300.0,3.125
NestedModelComparison.PeterODecode/OrderCount=64,2,OverheadActual,9,736,2100.0,2.8532608695652173
NestedModelComparison.PeterODecode/OrderCount=64,2,OverheadActual,10,736,2300.0,3.125
NestedModelComparison.PeterODecode/OrderCount=64,2,OverheadActual,11,736,2100.0,2.8532608695652173
NestedModelComparison.PeterODecode/OrderCount=64,2,OverheadActual,12,736,2200.0,2.989130434782609
NestedModelComparison.PeterODecode/OrderCount=64,2,OverheadActual,13,736,2200.0,2.989130434782609
NestedModelComparison.PeterODecode/OrderCount=64,2,OverheadActual,14,736,2100.0,2.8532608695652173
NestedModelComparison.PeterODecode/OrderCount=64,2,OverheadActual,15,736,2100.0,2.8532608695652173
NestedModelComparison.PeterODecode/OrderCount=64,2,WorkloadActual,1,736,507403200.0,689406.5217391305
NestedModelComparison.PeterODecode/OrderCount=64,2,WorkloadActual,2,736,508781300.0,691278.9402173914
NestedModelComparison.PeterODecode/OrderCount=64,2,WorkloadActual,3,736,506006000.0,687508.1521739131
NestedModelComparison.PeterODecode/OrderCount=64,2,WorkloadActual,4,736,510082200.0,693046.4673913043
NestedModelComparison.PeterODecode/OrderCount=64,2,WorkloadActual,5,736,502137600.0,682252.1739130435
NestedModelComparison.PeterODecode/OrderCount=64,2,WorkloadActual,6,736,508880800.0,691414.1304347826
NestedModelComparison.PeterODecode/OrderCount=64,2,WorkloadActual,7,736,503452700.0,684038.9945652174
NestedModelComparison.PeterODecode/OrderCount=64,2,WorkloadActual,8,736,508508800.0,690908.695652174
NestedModelComparison.PeterODecode/OrderCount=64,2,WorkloadResult,1,736,507401000.0,689403.5326086957
NestedModelComparison.PeterODecode/OrderCount=64,2,WorkloadResult,2,736,508779100.0,691275.9510869565
NestedModelComparison.PeterODecode/OrderCount=64,2,WorkloadResult,3,736,506003800.0,687505.1630434783
NestedModelComparison.PeterODecode/OrderCount=64,2,WorkloadResult,4,736,510080000.0,693043.4782608695
NestedModelComparison.PeterODecode/OrderCount=64,2,WorkloadResult,5,736,502135400.0,682249.1847826086
NestedModelComparison.PeterODecode/OrderCount=64,2,WorkloadResult,6,736,508878600.0,691411.1413043478
NestedModelComparison.PeterODecode/OrderCount=64,2,WorkloadResult,7,736,503450500.0,684036.0054347826
NestedModelComparison.PeterODecode/OrderCount=64,2,WorkloadResult,8,736,508506600.0,690905.7065217391
StringMapComparison.CborDecode,1,OverheadActual,1,13168,32500.0,2.468104495747266
StringMapComparison.CborDecode,1,OverheadActual,2,13168,31900.0,2.422539489671932
StringMapComparison.CborDecode,1,OverheadActual,3,13168,31300.0,2.376974483596598
StringMapComparison.CborDecode,1,OverheadActual,4,13168,33700.0,2.5592345078979344
StringMapComparison.CborDecode,1,OverheadActual,5,13168,31900.0,2.422539489671932
StringMapComparison.CborDecode,1,OverheadActual,6,13168,32300.0,2.4529161603888214
StringMapComparison.CborDecode,1,OverheadActual,7,13168,31700.0,2.407351154313487
StringMapComparison.CborDecode,1,OverheadActual,8,13168,32600.0,2.4756986634264884
StringMapComparison.CborDecode,1,OverheadActual,9,13168,31000.0,2.3541919805589306
StringMapComparison.CborDecode,1,OverheadActual,10,13168,30500.0,2.316221142162819
StringMapComparison.CborDecode,1,OverheadActual,11,13168,33600.0,2.551640340218712
StringMapComparison.CborDecode,1,OverheadActual,12,13168,32700.0,2.483292831105711
StringMapComparison.CborDecode,1,OverheadActual,13,13168,31000.0,2.3541919805589306
StringMapComparison.CborDecode,1,OverheadActual,14,13168,33000.0,2.506075334143378
StringMapComparison.CborDecode,1,OverheadActual,15,13168,31100.0,2.3617861482381532
StringMapComparison.CborDecode,1,WorkloadActual,1,13168,508724600.0,38633.39914945322
StringMapComparison.CborDecode,1,WorkloadActual,2,13168,499087700.0,37901.55680437424
StringMapComparison.CborDecode,1,WorkloadActual,3,13168,502601300.0,38168.385479951394
StringMapComparison.CborDecode,1,WorkloadActual,4,13168,499011700.0,37895.785236938034
StringMapComparison.CborDecode,1,WorkloadActual,5,13168,504903600.0,38343.226002430136
StringMapComparison.CborDecode,1,WorkloadActual,6,13168,499428200.0,37927.414945321994
StringMapComparison.CborDecode,1,WorkloadActual,7,13168,499429100.0,37927.48329283111
StringMapComparison.CborDecode,1,WorkloadActual,8,13168,497528400.0,37783.14094775212
StringMapComparison.CborDecode,1,WorkloadResult,1,13168,508692700.0,38630.976609963545
StringMapComparison.CborDecode,1,WorkloadResult,2,13168,499055800.0,37899.13426488457
StringMapComparison.CborDecode,1,WorkloadResult,3,13168,502569400.0,38165.96294046172
StringMapComparison.CborDecode,1,WorkloadResult,4,13168,498979800.0,37893.36269744836
StringMapComparison.CborDecode,1,WorkloadResult,5,13168,504871700.0,38340.803462940465
StringMapComparison.CborDecode,1,WorkloadResult,6,13168,499396300.0,37924.99240583232
StringMapComparison.CborDecode,1,WorkloadResult,7,13168,499397200.0,37925.06075334144
StringMapComparison.CborDecode,1,WorkloadResult,8,13168,497496500.0,37780.71840826245
StringMapComparison.CborDecode,2,OverheadActual,1,13056,31300.0,2.3973651960784315
StringMapComparison.CborDecode,2,OverheadActual,2,13056,31600.0,2.420343137254902
StringMapComparison.CborDecode,2,OverheadActual,3,13056,30700.0,2.3514093137254903
StringMapComparison.CborDecode,2,OverheadActual,4,13056,31200.0,2.389705882352941
StringMapComparison.CborDecode,2,OverheadActual,5,13056,32100.0,2.458639705882353
StringMapComparison.CborDecode,2,OverheadActual,6,13056,30700.0,2.3514093137254903
StringMapComparison.CborDecode,2,OverheadActual,7,13056,31200.0,2.389705882352941
StringMapComparison.CborDecode,2,OverheadActual,8,13056,33400.0,2.5582107843137254
StringMapComparison.CborDecode,2,OverheadActual,9,13056,32400.0,2.4816176470588234
StringMapComparison.CborDecode,2,OverheadActual,10,13056,31300.0,2.3973651960784315
StringMapComparison.CborDecode,2,OverheadActual,11,13056,33000.0,2.5275735294117645
StringMapComparison.CborDecode,2,OverheadActual,12,13056,31300.0,2.3973651960784315
StringMapComparison.CborDecode,2,OverheadActual,13,13056,31200.0,2.389705882352941
StringMapComparison.CborDecode,2,OverheadActual,14,13056,31100.0,2.382046568627451
StringMapComparison.CborDecode,2,OverheadActual,15,13056,31400.0,2.4050245098039214
StringMapComparison.CborDecode,2,WorkloadActual,1,13056,510780300.0,39122.265625
StringMapComparison.CborDecode,2,WorkloadActual,2,13056,501495500.0,38411.113664215685
StringMapComparison.CborDecode,2,WorkloadActual,3,13056,503177700.0,38539.95863970588
StringMapComparison.CborDecode,2,WorkloadActual,4,13056,509162900.0,38998.38388480392
StringMapComparison.CborDecode,2,WorkloadActual,5,13056,505216600.0,38696.1243872549
StringMapComparison.CborDecode,2,WorkloadActual,6,13056,498789600.0,38203.86029411765
StringMapComparison.CborDecode,2,WorkloadActual,7,13056,502576600.0,38493.91850490196
StringMapComparison.CborDecode,2,WorkloadActual,8,13056,505395100.0,38709.7962622549
StringMapComparison.CborDecode,2,WorkloadResult,1,13056,510749000.0,39119.86825980392
StringMapComparison.CborDecode,2,WorkloadResult,2,13056,501464200.0,38408.71629901961
StringMapComparison.CborDecode,2,WorkloadResult,3,13056,503146400.0,38537.561274509804
StringMapComparison.CborDecode,2,WorkloadResult,4,13056,509131600.0,38995.986519607846
StringMapComparison.CborDecode,2,WorkloadResult,5,13056,505185300.0,38693.727022058825
StringMapComparison.CborDecode,2,WorkloadResult,6,13056,498758300.0,38201.462928921566
StringMapComparison.CborDecode,2,WorkloadResult,7,13056,502545300.0,38491.52113970588
StringMapComparison.CborDecode,2,WorkloadResult,8,13056,505363800.0,38707.398897058825
StringMapComparison.MessagePackV4Decode,1,OverheadActual,1,18768,44700.0,2.381713554987212
StringMapComparison.MessagePackV4Decode,1,OverheadActual,2,18768,45300.0,2.413682864450128
StringMapComparison.MessagePackV4Decode,1,OverheadActual,3,18768,46100.0,2.456308610400682
StringMapComparison.MessagePackV4Decode,1,OverheadActual,4,18768,43400.0,2.312446717817562
StringMapComparison.MessagePackV4Decode,1,OverheadActual,5,18768,45000.0,2.39769820971867
StringMapComparison.MessagePackV4Decode,1,OverheadActual,6,18768,45400.0,2.419011082693947
StringMapComparison.MessagePackV4Decode,1,OverheadActual,7,18768,44800.0,2.3870417732310316
StringMapComparison.MessagePackV4Decode,1,OverheadActual,8,18768,47000.0,2.5042625745950553
StringMapComparison.MessagePackV4Decode,1,OverheadActual,9,18768,53700.0,2.8612531969309463
StringMapComparison.MessagePackV4Decode,1,OverheadActual,10,18768,44400.0,2.3657289002557547
StringMapComparison.MessagePackV4Decode,1,OverheadActual,11,18768,44100.0,2.3497442455242967
StringMapComparison.MessagePackV4Decode,1,OverheadActual,12,18768,46400.0,2.47229326513214
StringMapComparison.MessagePackV4Decode,1,OverheadActual,13,18768,43900.0,2.3390878090366582
StringMapComparison.MessagePackV4Decode,1,OverheadActual,14,18768,44200.0,2.3550724637681157
StringMapComparison.MessagePackV4Decode,1,OverheadActual,15,18768,46900.0,2.4989343563512363
StringMapComparison.MessagePackV4Decode,1,WorkloadActual,1,18768,503126400.0,26807.6726342711
StringMapComparison.MessagePackV4Decode,1,WorkloadActual,2,18768,489512100.0,26082.273017902815
StringMapComparison.MessagePackV4Decode,1,WorkloadActual,3,18768,495984000.0,26427.10997442455
StringMapComparison.MessagePackV4Decode,1,WorkloadActual,4,18768,503058900.0,26804.07608695652
StringMapComparison.MessagePackV4Decode,1,WorkloadActual,5,18768,500531700.0,26669.421355498722
StringMapComparison.MessagePackV4Decode,1,WorkloadActual,6,18768,495013700.0,26375.410272804773
StringMapComparison.MessagePackV4Decode,1,WorkloadActual,7,18768,490749400.0,26148.19906223359
StringMapComparison.MessagePackV4Decode,1,WorkloadActual,8,18768,497968600.0,26532.85379369139
StringMapComparison.MessagePackV4Decode,1,WorkloadResult,1,18768,503081400.0,26805.27493606138
StringMapComparison.MessagePackV4Decode,1,WorkloadResult,2,18768,489467100.0,26079.875319693096
StringMapComparison.MessagePackV4Decode,1,WorkloadResult,3,18768,495939000.0,26424.712276214832
StringMapComparison.MessagePackV4Decode,1,WorkloadResult,4,18768,503013900.0,26801.678388746805
StringMapComparison.MessagePackV4Decode,1,WorkloadResult,5,18768,500486700.0,26667.023657289003
StringMapComparison.MessagePackV4Decode,1,WorkloadResult,6,18768,494968700.0,26373.012574595057
StringMapComparison.MessagePackV4Decode,1,WorkloadResult,7,18768,490704400.0,26145.80136402387
StringMapComparison.MessagePackV4Decode,1,WorkloadResult,8,18768,497923600.0,26530.45609548167
StringMapComparison.MessagePackV4Decode,2,OverheadActual,1,19280,46900.0,2.4325726141078836
StringMapComparison.MessagePackV4Decode,2,OverheadActual,2,19280,46900.0,2.4325726141078836
StringMapComparison.MessagePackV4Decode,2,OverheadActual,3,19280,46300.0,2.4014522821576763
StringMapComparison.MessagePackV4Decode,2,OverheadActual,4,19280,46000.0,2.3858921161825726
StringMapComparison.MessagePackV4Decode,2,OverheadActual,5,19280,46100.0,2.391078838174274
StringMapComparison.MessagePackV4Decode,2,OverheadActual,6,19280,46500.0,2.4118257261410787
StringMapComparison.MessagePackV4Decode,2,OverheadActual,7,19280,45600.0,2.3651452282157677
StringMapComparison.MessagePackV4Decode,2,OverheadActual,8,19280,49200.0,2.5518672199170123
StringMapComparison.MessagePackV4Decode,2,OverheadActual,9,19280,45200.0,2.3443983402489628
StringMapComparison.MessagePackV4Decode,2,OverheadActual,10,19280,45400.0,2.354771784232365
StringMapComparison.MessagePackV4Decode,2,OverheadActual,11,19280,47700.0,2.474066390041494
StringMapComparison.MessagePackV4Decode,2,OverheadActual,12,19280,45000.0,2.3340248962655603
StringMapComparison.MessagePackV4Decode,2,OverheadActual,13,19280,46500.0,2.4118257261410787
StringMapComparison.MessagePackV4Decode,2,OverheadActual,14,19280,49400.0,2.5622406639004147
StringMapComparison.MessagePackV4Decode,2,OverheadActual,15,19280,47400.0,2.45850622406639
StringMapComparison.MessagePackV4Decode,2,WorkloadActual,1,19280,501610000.0,26017.116182572616
StringMapComparison.MessagePackV4Decode,2,WorkloadActual,2,19280,501603800.0,26016.79460580913
StringMapComparison.MessagePackV4Decode,2,WorkloadActual,3,19280,501643900.0,26018.874481327803
StringMapComparison.MessagePackV4Decode,2,WorkloadActual,4,19280,501376500.0,26005.00518672199
StringMapComparison.MessagePackV4Decode,2,WorkloadActual,5,19280,504486200.0,26166.296680497926
StringMapComparison.MessagePackV4Decode,2,WorkloadActual,6,19280,508099400.0,26353.703319502074
StringMapComparison.MessagePackV4Decode,2,WorkloadActual,7,19280,507395200.0,26317.178423236513
StringMapComparison.MessagePackV4Decode,2,WorkloadActual,8,19280,504570200.0,26170.653526970953
StringMapComparison.MessagePackV4Decode,2,WorkloadResult,1,19280,501563500.0,26014.704356846472
StringMapComparison.MessagePackV4Decode,2,WorkloadResult,2,19280,501557300.0,26014.382780082986
StringMapComparison.MessagePackV4Decode,2,WorkloadResult,3,19280,501597400.0,26016.46265560166
StringMapComparison.MessagePackV4Decode,2,WorkloadResult,4,19280,501330000.0,26002.593360995852
StringMapComparison.MessagePackV4Decode,2,WorkloadResult,5,19280,504439700.0,26163.884854771783
StringMapComparison.MessagePackV4Decode,2,WorkloadResult,6,19280,508052900.0,26351.291493775934
StringMapComparison.MessagePackV4Decode,2,WorkloadResult,7,19280,507348700.0,26314.766597510374
StringMapComparison.MessagePackV4Decode,2,WorkloadResult,8,19280,504523700.0,26168.241701244813
StringMapComparison.REDoxDecode,1,OverheadActual,1,12848,31400.0,2.4439601494396017
StringMapComparison.REDoxDecode,1,OverheadActual,2,12848,31400.0,2.4439601494396017
StringMapComparison.REDoxDecode,1,OverheadActual,3,12848,30500.0,2.373910336239103
StringMapComparison.REDoxDecode,1,OverheadActual,4,12848,30100.0,2.342777085927771
StringMapComparison.REDoxDecode,1,OverheadActual,5,12848,30700.0,2.3894769613947697
StringMapComparison.REDoxDecode,1,OverheadActual,6,12848,32600.0,2.537359900373599
StringMapComparison.REDoxDecode,1,OverheadActual,7,12848,31000.0,2.412826899128269
StringMapComparison.REDoxDecode,1,OverheadActual,8,12848,31000.0,2.412826899128269
StringMapComparison.REDoxDecode,1,OverheadActual,9,12848,30700.0,2.3894769613947697
StringMapComparison.REDoxDecode,1,OverheadActual,10,12848,32800.0,2.5529265255292652
StringMapComparison.REDoxDecode,1,OverheadActual,11,12848,32500.0,2.529576587795766
StringMapComparison.REDoxDecode,1,OverheadActual,12,12848,30300.0,2.358343711083437
StringMapComparison.REDoxDecode,1,OverheadActual,13,12848,30500.0,2.373910336239103
StringMapComparison.REDoxDecode,1,OverheadActual,14,12848,30600.0,2.3816936488169365
StringMapComparison.REDoxDecode,1,OverheadActual,15,12848,30700.0,2.3894769613947697
StringMapComparison.REDoxDecode,1,WorkloadActual,1,12848,502893400.0,39141.76525529265
StringMapComparison.REDoxDecode,1,WorkloadActual,2,12848,500975900.0,38992.520236612705
StringMapComparison.REDoxDecode,1,WorkloadActual,3,12848,498469600.0,38797.44707347447
StringMapComparison.REDoxDecode,1,WorkloadActual,4,12848,499687600.0,38892.24782067248
StringMapComparison.REDoxDecode,1,WorkloadActual,5,12848,496715500.0,38660.9199875467
StringMapComparison.REDoxDecode,1,WorkloadActual,6,12848,497676300.0,38735.70205479452
StringMapComparison.REDoxDecode,1,WorkloadActual,7,12848,503326900.0,39175.50591531756
StringMapComparison.REDoxDecode,1,WorkloadActual,8,12848,504887100.0,39296.941158156915
StringMapComparison.REDoxDecode,1,WorkloadResult,1,12848,502862700.0,39139.37577833126
StringMapComparison.REDoxDecode,1,WorkloadResult,2,12848,500945200.0,38990.13075965131
StringMapComparison.REDoxDecode,1,WorkloadResult,3,12848,498438900.0,38795.05759651308
StringMapComparison.REDoxDecode,1,WorkloadResult,4,12848,499656900.0,38889.85834371109
StringMapComparison.REDoxDecode,1,WorkloadResult,5,12848,496684800.0,38658.530510585304
StringMapComparison.REDoxDecode,1,WorkloadResult,6,12848,497645600.0,38733.31257783312
StringMapComparison.REDoxDecode,1,WorkloadResult,7,12848,503296200.0,39173.11643835616
StringMapComparison.REDoxDecode,1,WorkloadResult,8,12848,504856400.0,39294.55168119552
StringMapComparison.REDoxDecode,2,OverheadActual,1,12832,31400.0,2.447007481296758
StringMapComparison.REDoxDecode,2,OverheadActual,2,12832,31400.0,2.447007481296758
StringMapComparison.REDoxDecode,2,OverheadActual,3,12832,30900.0,2.4080423940149625
StringMapComparison.REDoxDecode,2,OverheadActual,4,12832,31100.0,2.423628428927681
StringMapComparison.REDoxDecode,2,OverheadActual,5,12832,31400.0,2.447007481296758
StringMapComparison.REDoxDecode,2,OverheadActual,6,12832,30300.0,2.361284289276808
StringMapComparison.REDoxDecode,2,OverheadActual,7,12832,30000.0,2.337905236907731
StringMapComparison.REDoxDecode,2,OverheadActual,8,12832,30100.0,2.34569825436409
StringMapComparison.REDoxDecode,2,OverheadActual,9,12832,30800.0,2.4002493765586035
StringMapComparison.REDoxDecode,2,OverheadActual,10,12832,31900.0,2.4859725685785534
StringMapComparison.REDoxDecode,2,OverheadActual,11,12832,30300.0,2.361284289276808
StringMapComparison.REDoxDecode,2,OverheadActual,12,12832,30000.0,2.337905236907731
StringMapComparison.REDoxDecode,2,OverheadActual,13,12832,31700.0,2.4703865336658355
StringMapComparison.REDoxDecode,2,OverheadActual,14,12832,30000.0,2.337905236907731
StringMapComparison.REDoxDecode,2,OverheadActual,15,12832,29700.0,2.3145261845386536
StringMapComparison.REDoxDecode,2,WorkloadActual,1,12832,501728300.0,39099.77400249377
StringMapComparison.REDoxDecode,2,WorkloadActual,2,12832,502343200.0,39147.69326683292
StringMapComparison.REDoxDecode,2,WorkloadActual,3,12832,499834500.0,38952.189837905236
StringMapComparison.REDoxDecode,2,WorkloadActual,4,12832,501146800.0,39054.45760598504
StringMapComparison.REDoxDecode,2,WorkloadActual,5,12832,506421800.0,39465.53927680798
StringMapComparison.REDoxDecode,2,WorkloadActual,6,12832,504063900.0,39281.78771820449
StringMapComparison.REDoxDecode,2,WorkloadActual,7,12832,501124200.0,39052.6963840399
StringMapComparison.REDoxDecode,2,WorkloadActual,8,12832,503851500.0,39265.23534912718
StringMapComparison.REDoxDecode,2,WorkloadResult,1,12832,501697500.0,39097.37375311721
StringMapComparison.REDoxDecode,2,WorkloadResult,2,12832,502312400.0,39145.29301745636
StringMapComparison.REDoxDecode,2,WorkloadResult,3,12832,499803700.0,38949.78958852868
StringMapComparison.REDoxDecode,2,WorkloadResult,4,12832,501116000.0,39052.05735660848
StringMapComparison.REDoxDecode,2,WorkloadResult,5,12832,506391000.0,39463.13902743142
StringMapComparison.REDoxDecode,2,WorkloadResult,6,12832,504033100.0,39279.38746882793
StringMapComparison.REDoxDecode,2,WorkloadResult,7,12832,501093400.0,39050.29613466334
StringMapComparison.REDoxDecode,2,WorkloadResult,8,12832,503820700.0,39262.83509975062
StringMapComparison.SystemFormatsDecode,1,OverheadActual,1,8784,21200.0,2.413479052823315
StringMapComparison.SystemFormatsDecode,1,OverheadActual,2,8784,21200.0,2.413479052823315
StringMapComparison.SystemFormatsDecode,1,OverheadActual,3,8784,21800.0,2.4817850637522767
StringMapComparison.SystemFormatsDecode,1,OverheadActual,4,8784,21500.0,2.447632058287796
StringMapComparison.SystemFormatsDecode,1,OverheadActual,5,8784,21300.0,2.4248633879781423
StringMapComparison.SystemFormatsDecode,1,OverheadActual,6,8784,21600.0,2.459016393442623
StringMapComparison.SystemFormatsDecode,1,OverheadActual,7,8784,21900.0,2.4931693989071038
StringMapComparison.SystemFormatsDecode,1,OverheadActual,8,8784,20800.0,2.3679417122040074
StringMapComparison.SystemFormatsDecode,1,OverheadActual,9,8784,21900.0,2.4931693989071038
StringMapComparison.SystemFormatsDecode,1,OverheadActual,10,8784,20900.0,2.3793260473588345
StringMapComparison.SystemFormatsDecode,1,OverheadActual,11,8784,21400.0,2.436247723132969
StringMapComparison.SystemFormatsDecode,1,OverheadActual,12,8784,21100.0,2.402094717668488
StringMapComparison.SystemFormatsDecode,1,OverheadActual,13,8784,21200.0,2.413479052823315
StringMapComparison.SystemFormatsDecode,1,OverheadActual,14,8784,21400.0,2.436247723132969
StringMapComparison.SystemFormatsDecode,1,OverheadActual,15,8784,22200.0,2.5273224043715845
StringMapComparison.SystemFormatsDecode,1,WorkloadActual,1,8784,512618200.0,58358.17395264117
StringMapComparison.SystemFormatsDecode,1,WorkloadActual,2,8784,504621300.0,57447.780054644805
StringMapComparison.SystemFormatsDecode,1,WorkloadActual,3,8784,510241700.0,58087.6252276867
StringMapComparison.SystemFormatsDecode,1,WorkloadActual,4,8784,511568100.0,58238.62704918033
StringMapComparison.SystemFormatsDecode,1,WorkloadActual,5,8784,532307200.0,60599.635701275045
StringMapComparison.SystemFormatsDecode,1,WorkloadActual,6,8784,509112400.0,57959.061930783246
StringMapComparison.SystemFormatsDecode,1,WorkloadActual,7,8784,521443900.0,59362.92122040073
StringMapComparison.SystemFormatsDecode,1,WorkloadActual,8,8784,512758400.0,58374.13479052823
StringMapComparison.SystemFormatsDecode,1,WorkloadResult,1,8784,512596800.0,58355.737704918036
StringMapComparison.SystemFormatsDecode,1,WorkloadResult,2,8784,504599900.0,57445.34380692168
StringMapComparison.SystemFormatsDecode,1,WorkloadResult,3,8784,510220300.0,58085.18897996357
StringMapComparison.SystemFormatsDecode,1,WorkloadResult,4,8784,511546700.0,58236.190801457196
StringMapComparison.SystemFormatsDecode,1,WorkloadResult,5,8784,509091000.0,57956.62568306011
StringMapComparison.SystemFormatsDecode,1,WorkloadResult,6,8784,521422500.0,59360.484972677594
StringMapComparison.SystemFormatsDecode,1,WorkloadResult,7,8784,512737000.0,58371.6985428051
StringMapComparison.SystemFormatsDecode,2,OverheadActual,1,7728,19300.0,2.4974120082815734
StringMapComparison.SystemFormatsDecode,2,OverheadActual,2,7728,19500.0,2.5232919254658386
StringMapComparison.SystemFormatsDecode,2,OverheadActual,3,7728,19200.0,2.484472049689441
StringMapComparison.SystemFormatsDecode,2,OverheadActual,4,7728,19700.0,2.5491718426501033
StringMapComparison.SystemFormatsDecode,2,OverheadActual,5,7728,19200.0,2.484472049689441
StringMapComparison.SystemFormatsDecode,2,OverheadActual,6,7728,19100.0,2.4715320910973086
StringMapComparison.SystemFormatsDecode,2,OverheadActual,7,7728,18700.0,2.4197722567287783
StringMapComparison.SystemFormatsDecode,2,OverheadActual,8,7728,19800.0,2.562111801242236
StringMapComparison.SystemFormatsDecode,2,OverheadActual,9,7728,18600.0,2.406832298136646
StringMapComparison.SystemFormatsDecode,2,OverheadActual,10,7728,19400.0,2.510351966873706
StringMapComparison.SystemFormatsDecode,2,OverheadActual,11,7728,18700.0,2.4197722567287783
StringMapComparison.SystemFormatsDecode,2,OverheadActual,12,7728,18600.0,2.406832298136646
StringMapComparison.SystemFormatsDecode,2,OverheadActual,13,7728,19100.0,2.4715320910973086
StringMapComparison.SystemFormatsDecode,2,OverheadActual,14,7728,18300.0,2.3680124223602483
StringMapComparison.SystemFormatsDecode,2,OverheadActual,15,7728,18600.0,2.406832298136646
StringMapComparison.SystemFormatsDecode,2,WorkloadActual,1,7728,507787000.0,65707.42753623189
StringMapComparison.SystemFormatsDecode,2,WorkloadActual,2,7728,498604900.0,64519.267598343686
StringMapComparison.SystemFormatsDecode,2,WorkloadActual,3,7728,494935500.0,64044.448757763974
StringMapComparison.SystemFormatsDecode,2,WorkloadActual,4,7728,495804800.0,64156.93581780538
StringMapComparison.SystemFormatsDecode,2,WorkloadActual,5,7728,482447600.0,62428.51966873706
StringMapComparison.SystemFormatsDecode,2,WorkloadActual,6,7728,487371900.0,63065.722049689444
StringMapComparison.SystemFormatsDecode,2,WorkloadActual,7,7728,497286300.0,64348.641304347824
StringMapComparison.SystemFormatsDecode,2,WorkloadActual,8,7728,502071700.0,64967.87008281574
StringMapComparison.SystemFormatsDecode,2,WorkloadResult,1,7728,507767900.0,65704.95600414078
StringMapComparison.SystemFormatsDecode,2,WorkloadResult,2,7728,498585800.0,64516.79606625259
StringMapComparison.SystemFormatsDecode,2,WorkloadResult,3,7728,494916400.0,64041.977225672876
StringMapComparison.SystemFormatsDecode,2,WorkloadResult,4,7728,495785700.0,64154.46428571428
StringMapComparison.SystemFormatsDecode,2,WorkloadResult,5,7728,482428500.0,62426.048136645964
StringMapComparison.SystemFormatsDecode,2,WorkloadResult,6,7728,487352800.0,63063.250517598346
StringMapComparison.SystemFormatsDecode,2,WorkloadResult,7,7728,497267200.0,64346.169772256726
StringMapComparison.SystemFormatsDecode,2,WorkloadResult,8,7728,502052600.0,64965.39855072464
StringMapComparison.PeterODecode,1,OverheadActual,1,1024,2800.0,2.734375
StringMapComparison.PeterODecode,1,OverheadActual,2,1024,2900.0,2.83203125
StringMapComparison.PeterODecode,1,OverheadActual,3,1024,2900.0,2.83203125
StringMapComparison.PeterODecode,1,OverheadActual,4,1024,2900.0,2.83203125
StringMapComparison.PeterODecode,1,OverheadActual,5,1024,2900.0,2.83203125
StringMapComparison.PeterODecode,1,OverheadActual,6,1024,3000.0,2.9296875
StringMapComparison.PeterODecode,1,OverheadActual,7,1024,2900.0,2.83203125
StringMapComparison.PeterODecode,1,OverheadActual,8,1024,2800.0,2.734375
StringMapComparison.PeterODecode,1,OverheadActual,9,1024,2800.0,2.734375
StringMapComparison.PeterODecode,1,OverheadActual,10,1024,2900.0,2.83203125
StringMapComparison.PeterODecode,1,OverheadActual,11,1024,2900.0,2.83203125
StringMapComparison.PeterODecode,1,OverheadActual,12,1024,2900.0,2.83203125
StringMapComparison.PeterODecode,1,OverheadActual,13,1024,2800.0,2.734375
StringMapComparison.PeterODecode,1,OverheadActual,14,1024,2800.0,2.734375
StringMapComparison.PeterODecode,1,OverheadActual,15,1024,2700.0,2.63671875
StringMapComparison.PeterODecode,1,WorkloadActual,1,1024,505035900.0,493199.12109375
StringMapComparison.PeterODecode,1,WorkloadActual,2,1024,500295400.0,488569.7265625
StringMapComparison.PeterODecode,1,WorkloadActual,3,1024,497520800.0,485860.15625
StringMapComparison.PeterODecode,1,WorkloadActual,4,1024,502321000.0,490547.8515625
StringMapComparison.PeterODecode,1,WorkloadActual,5,1024,500997500.0,489255.37109375
StringMapComparison.PeterODecode,1,WorkloadActual,6,1024,498453600.0,486771.09375
StringMapComparison.PeterODecode,1,WorkloadActual,7,1024,488990200.0,477529.4921875
StringMapComparison.PeterODecode,1,WorkloadActual,8,1024,482362300.0,471056.93359375
StringMapComparison.PeterODecode,1,WorkloadResult,1,1024,505033000.0,493196.2890625
StringMapComparison.PeterODecode,1,WorkloadResult,2,1024,500292500.0,488566.89453125
StringMapComparison.PeterODecode,1,WorkloadResult,3,1024,497517900.0,485857.32421875
StringMapComparison.PeterODecode,1,WorkloadResult,4,1024,502318100.0,490545.01953125
StringMapComparison.PeterODecode,1,WorkloadResult,5,1024,500994600.0,489252.5390625
StringMapComparison.PeterODecode,1,WorkloadResult,6,1024,498450700.0,486768.26171875
StringMapComparison.PeterODecode,1,WorkloadResult,7,1024,488987300.0,477526.66015625
StringMapComparison.PeterODecode,1,WorkloadResult,8,1024,482359400.0,471054.1015625
StringMapComparison.PeterODecode,2,OverheadActual,1,976,2800.0,2.8688524590163933
StringMapComparison.PeterODecode,2,OverheadActual,2,976,2800.0,2.8688524590163933
StringMapComparison.PeterODecode,2,OverheadActual,3,976,2900.0,2.971311475409836
StringMapComparison.PeterODecode,2,OverheadActual,4,976,2800.0,2.8688524590163933
StringMapComparison.PeterODecode,2,OverheadActual,5,976,2900.0,2.971311475409836
StringMapComparison.PeterODecode,2,OverheadActual,6,976,2900.0,2.971311475409836
StringMapComparison.PeterODecode,2,OverheadActual,7,976,2700.0,2.7663934426229506
StringMapComparison.PeterODecode,2,OverheadActual,8,976,2800.0,2.8688524590163933
StringMapComparison.PeterODecode,2,OverheadActual,9,976,2800.0,2.8688524590163933
StringMapComparison.PeterODecode,2,OverheadActual,10,976,2700.0,2.7663934426229506
StringMapComparison.PeterODecode,2,OverheadActual,11,976,2800.0,2.8688524590163933
StringMapComparison.PeterODecode,2,OverheadActual,12,976,2800.0,2.8688524590163933
StringMapComparison.PeterODecode,2,OverheadActual,13,976,2900.0,2.971311475409836
StringMapComparison.PeterODecode,2,OverheadActual,14,976,2800.0,2.8688524590163933
StringMapComparison.PeterODecode,2,OverheadActual,15,976,2700.0,2.7663934426229506
StringMapComparison.PeterODecode,2,WorkloadActual,1,976,494595400.0,506757.58196721313
StringMapComparison.PeterODecode,2,WorkloadActual,2,976,490451300.0,502511.5778688525
StringMapComparison.PeterODecode,2,WorkloadActual,3,976,490599700.0,502663.62704918033
StringMapComparison.PeterODecode,2,WorkloadActual,4,976,489384600.0,501418.6475409836
StringMapComparison.PeterODecode,2,WorkloadActual,5,976,488657200.0,500673.3606557377
StringMapComparison.PeterODecode,2,WorkloadActual,6,976,495828800.0,508021.31147540984
StringMapComparison.PeterODecode,2,WorkloadActual,7,976,489754100.0,501797.23360655736
StringMapComparison.PeterODecode,2,WorkloadActual,8,976,492317900.0,504424.0778688525
StringMapComparison.PeterODecode,2,WorkloadResult,1,976,494592600.0,506754.7131147541
StringMapComparison.PeterODecode,2,WorkloadResult,2,976,490448500.0,502508.70901639346
StringMapComparison.PeterODecode,2,WorkloadResult,3,976,490596900.0,502660.7581967213
StringMapComparison.PeterODecode,2,WorkloadResult,4,976,489381800.0,501415.7786885246
StringMapComparison.PeterODecode,2,WorkloadResult,5,976,488654400.0,500670.4918032787
StringMapComparison.PeterODecode,2,WorkloadResult,6,976,495826000.0,508018.4426229508
StringMapComparison.PeterODecode,2,WorkloadResult,7,976,489751300.0,501794.36475409835
StringMapComparison.PeterODecode,2,WorkloadResult,8,976,492315100.0,504421.20901639346
