case,launch,gen0,gen1,gen2,total_allocated_bytes,operations,allocated_bytes_per_operation
IntegerArrayComparison.CborDecode,1,15,0,0,243376640,59072,4120.0
IntegerArrayComparison.CborDecode,2,15,0,0,243047040,58992,4120.0
IntegerArrayComparison.MessagePackV4Decode,1,18,0,0,297958400,72320,4120.0
IntegerArrayComparison.MessagePackV4Decode,2,19,0,0,300397440,72912,4120.0
IntegerArrayComparison.REDoxDecode,1,8,0,0,127555328,30960,4120.004134366925
IntegerArrayComparison.REDoxDecode,2,8,0,0,126764288,30768,4120.004160166407
IntegerArrayComparison.SystemFormatsDecode,1,7,0,0,112275072,24752,4536.0
IntegerArrayComparison.SystemFormatsDecode,2,7,0,0,113871744,25104,4536.0
IntegerArrayComparison.PeterODecode,1,89,20,0,1397124480,6320,221064.0
IntegerArrayComparison.PeterODecode,2,88,20,0,1386513408,6272,221064.0
IntegerArrayComparison.CborEncode,1,19,0,0,308487808,101744,3032.0
IntegerArrayComparison.CborEncode,2,19,0,0,307954176,101568,3032.0
IntegerArrayComparison.MessagePackV4Encode,1,29,0,0,456322944,157136,2904.0
IntegerArrayComparison.MessagePackV4Encode,2,29,0,0,463524864,159616,2904.0
IntegerArrayComparison.REDoxEncode,1,16,0,0,261479848,86240,3032.001948051948
IntegerArrayComparison.REDoxEncode,2,17,0,0,272346536,89824,3032.0018703241894
IntegerArrayComparison.SystemFormatsEncode,1,27,0,0,438648960,41072,10680.0
IntegerArrayComparison.SystemFormatsEncode,2,28,0,0,441895680,41376,10680.0
IntegerArrayComparison.PeterOEncode,1,93,18,0,1469462400,8400,174936.0
IntegerArrayComparison.PeterOEncode,2,94,18,0,1475060352,8432,174936.0
NestedModelComparison.CborDecode/OrderCount=1,1,35,0,0,563006208,634016,888.0
NestedModelComparison.CborDecode/OrderCount=1,2,35,0,0,562906752,633904,888.0
NestedModelComparison.MessagePackV4Decode/OrderCount=1,1,49,0,0,774393600,913200,848.0
NestedModelComparison.MessagePackV4Decode/OrderCount=1,2,49,0,0,776252416,915392,848.0
NestedModelComparison.REDoxDecode/OrderCount=1,1,12,0,0,189065984,212912,888.000601187345
NestedModelComparison.REDoxDecode/OrderCount=1,2,12,0,0,188341376,212096,888.0006035003017
NestedModelComparison.SystemFormatsDecode/OrderCount=1,1,22,0,0,350184704,144944,2416.0
NestedModelComparison.SystemFormatsDecode/OrderCount=1,2,22,0,0,345623296,143056,2416.0
NestedModelComparison.PeterODecode/OrderCount=1,1,26,0,0,408748032,18432,22176.0
NestedModelComparison.PeterODecode/OrderCount=1,2,26,0,0,409457664,18464,22176.0
NestedModelComparison.CborDecode/OrderCount=64,1,31,4,0,501391872,10176,49272.0
NestedModelComparison.CborDecode/OrderCount=64,2,33,4,0,522677376,10608,49272.0
NestedModelComparison.MessagePackV4Decode/OrderCount=64,1,46,7,0,721848832,15296,47192.0
NestedModelComparison.MessagePackV4Decode/OrderCount=64,2,45,7,0,709012608,15024,47192.0
NestedModelComparison.REDoxDecode/OrderCount=64,1,11,1,0,180532736,3664,49272.03493449782
NestedModelComparison.REDoxDecode/OrderCount=64,2,11,1,0,180532736,3664,49272.03493449782
NestedModelComparison.SystemFormatsDecode/OrderCount=64,1,9,1,0,149555200,2944,50800.0
NestedModelComparison.SystemFormatsDecode/OrderCount=64,2,9,1,0,146304000,2880,50800.0
NestedModelComparison.PeterODecode/OrderCount=64,1,5,3,0,82588672,64,1290448.0
NestedModelComparison.PeterODecode/OrderCount=64,2,25,20,0,392296192,304,1290448.0
NestedModelComparison.CborEncode/OrderCount=1,1,9,0,0,146659968,872976,168.0
NestedModelComparison.CborEncode/OrderCount=1,2,9,0,0,149420544,889408,168.0
NestedModelComparison.MessagePackV4Encode/OrderCount=1,1,20,0,0,317325312,2203648,144.0
NestedModelComparison.MessagePackV4Encode/OrderCount=1,2,20,0,0,323788032,2248528,144.0
NestedModelComparison.REDoxEncode/OrderCount=1,1,15,0,0,239492904,586992,408.0002862049227
NestedModelComparison.REDoxEncode/OrderCount=1,2,15,0,0,237266856,581536,408.0002888901117
NestedModelComparison.SystemFormatsEncode/OrderCount=1,1,37,0,0,583271424,213184,2736.0
NestedModelComparison.SystemFormatsEncode/OrderCount=1,2,38,0,0,605028096,221136,2736.0
NestedModelComparison.PeterOEncode/OrderCount=1,1,52,1,0,819502848,57744,14192.0
NestedModelComparison.PeterOEncode/OrderCount=1,2,50,1,0,794752000,56000,14192.0
NestedModelComparison.CborEncode/OrderCount=64,1,8,0,0,132514816,14896,8896.0
NestedModelComparison.CborEncode/OrderCount=64,2,8,0,0,133084160,14960,8896.0
NestedModelComparison.MessagePackV4Encode/OrderCount=64,1,17,0,0,273186560,38240,7144.0
NestedModelComparison.MessagePackV4Encode/OrderCount=64,2,19,0,0,303705728,42512,7144.0
NestedModelComparison.REDoxEncode/OrderCount=64,1,14,0,0,222204416,10720,20728.023880597015
NestedModelComparison.REDoxEncode/OrderCount=64,2,14,0,0,228174080,11008,20728.023255813954
NestedModelComparison.SystemFormatsEncode/OrderCount=64,1,13,0,0,210385280,4976,42280.0
NestedModelComparison.SystemFormatsEncode/OrderCount=64,2,13,0,0,215120640,5088,42280.0
NestedModelComparison.PeterOEncode/OrderCount=64,1,48,29,0,765671424,896,854544.0
NestedModelComparison.PeterOEncode/OrderCount=64,2,50,30,0,793016832,928,854544.0
StringMapComparison.CborDecode,1,3,0,0,58889088,816,72168.0
StringMapComparison.CborDecode,2,23,5,0,371809536,5152,72168.0
StringMapComparison.MessagePackV4Decode,1,35,8,0,561178368,7776,72168.0
StringMapComparison.MessagePackV4Decode,2,35,8,0,549631488,7616,72168.0
StringMapComparison.REDoxDecode,1,5,1,0,80828288,1120,72168.11428571428
StringMapComparison.REDoxDecode,2,23,5,0,372964352,5168,72168.02476780186
StringMapComparison.SystemFormatsDecode,1,32,10,0,513384960,3520,145848.0
StringMapComparison.SystemFormatsDecode,2,31,10,0,497049984,3408,145848.0
StringMapComparison.PeterODecode,1,2,0,0,38968320,64,608880.0
StringMapComparison.PeterODecode,2,2,0,0,38968320,64,608880.0
StringMapComparison.CborEncode,1,13,0,0,208653312,13888,15024.0
StringMapComparison.CborEncode,2,13,0,0,206009088,13712,15024.0
StringMapComparison.MessagePackV4Encode,1,24,0,0,379768448,25264,15032.0
StringMapComparison.MessagePackV4Encode,2,24,0,0,379527936,25248,15032.0
StringMapComparison.REDoxEncode,1,14,0,0,224056488,13920,16096.012068965518
StringMapComparison.REDoxEncode,2,14,0,0,222253736,13808,16096.012166859791
StringMapComparison.SystemFormatsEncode,1,41,8,0,650059520,5392,120560.0
StringMapComparison.SystemFormatsEncode,2,41,8,0,644272640,5344,120560.0
StringMapComparison.PeterOEncode,1,5,2,0,93609600,240,390040.0
StringMapComparison.PeterOEncode,2,5,2,0,93609600,240,390040.0
