Method,Job,AnalyzeLaunchVariance,EvaluateOverhead,MaxAbsoluteError,MaxRelativeError,MinInvokeCount,MinIterationTime,OutlierMode,Affinity,EnvironmentVariables,Jit,LargeAddressAware,Platform,PowerPlanMode,Runtime,AllowVeryLargeObjects,Concurrent,CpuGroups,Force,HeapAffinitizeMask,HeapCount,NoAffinitize,RetainVm,Server,Arguments,BuildConfiguration,Clock,EngineFactory,NuGetReferences,Toolchain,IsMutator,InvocationCount,IterationCount,IterationTime,LaunchCount,MaxIterationCount,MaxWarmupIterationCount,MemoryRandomization,MinIterationCount,MinWarmupIterationCount,RunStrategy,UnrollFactor,WarmupCount,Categories,OrderCount,Mean,Error,StdDev,Ratio,RatioSD,Gen0,Gen1,Allocated,Alloc Ratio
CborDecode,Job-CMKKAT,False,Default,Default,Default,Default,Default,Default,111111111111111111111111,Empty,RyuJit,Default,X64,8c5e7fda-e8bf-4a96-9a85-a6e23a8c635c,.NET 10.0,False,True,False,True,Default,Default,False,False,False,Default,Default,Default,Default,Default,Default,Default,Default,8,500ms,2,Default,Default,Default,Default,Default,Default,16,5,Decode,1,345.02 ns,11.751 ns,11.541 ns,1.00,0.04,0.0563,0.0000,888 B,1.00
MessagePackV4Decode,Job-CMKKAT,False,Default,Default,Default,Default,Default,Default,111111111111111111111111,Empty,RyuJit,Default,X64,8c5e7fda-e8bf-4a96-9a85-a6e23a8c635c,.NET 10.0,False,True,False,True,Default,Default,False,False,False,Default,Default,Default,Default,Default,Default,Default,Default,8,500ms,2,Default,Default,Default,Default,Default,Default,16,5,Decode,1,216.91 ns,7.776 ns,7.274 ns,0.63,0.03,0.0538,0.0000,848 B,0.95
REDoxDecode,Job-CMKKAT,False,Default,Default,Default,Default,Default,Default,111111111111111111111111,Empty,RyuJit,Default,X64,8c5e7fda-e8bf-4a96-9a85-a6e23a8c635c,.NET 10.0,False,True,False,True,Default,Default,False,False,False,Default,Default,Default,Default,Default,Default,Default,Default,8,500ms,2,Default,Default,Default,Default,Default,Default,16,5,Decode,1,972.04 ns,11.685 ns,11.476 ns,2.82,0.09,0.0559,0.0000,888 B,1.00
SystemFormatsDecode,Job-CMKKAT,False,Default,Default,Default,Default,Default,Default,111111111111111111111111,Empty,RyuJit,Default,X64,8c5e7fda-e8bf-4a96-9a85-a6e23a8c635c,.NET 10.0,False,True,False,True,Default,Default,False,False,False,Default,Default,Default,Default,Default,Default,Default,Default,8,500ms,2,Default,Default,Default,Default,Default,Default,16,5,Decode,1,"1,374.07 ns",18.808 ns,17.593 ns,3.99,0.13,0.1518,0.0000,2416 B,2.72
PeterODecode,Job-CMKKAT,False,Default,Default,Default,Default,Default,Default,111111111111111111111111,Empty,RyuJit,Default,X64,8c5e7fda-e8bf-4a96-9a85-a6e23a8c635c,.NET 10.0,False,True,False,True,Default,Default,False,False,False,Default,Default,Default,Default,Default,Default,Default,Default,8,500ms,2,Default,Default,Default,Default,Default,Default,16,5,Decode,1,"11,215.74 ns",297.947 ns,292.624 ns,32.54,1.30,1.4079,0.0231,22176 B,24.97
CborDecode,Job-CMKKAT,False,Default,Default,Default,Default,Default,Default,111111111111111111111111,Empty,RyuJit,Default,X64,8c5e7fda-e8bf-4a96-9a85-a6e23a8c635c,.NET 10.0,False,True,False,True,Default,Default,False,False,False,Default,Default,Default,Default,Default,Default,Default,Default,8,500ms,2,Default,Default,Default,Default,Default,Default,16,5,Decode,64,"20,615.64 ns",642.906 ns,601.374 ns,1.00,0.04,3.1089,0.4441,49272 B,1.00
MessagePackV4Decode,Job-CMKKAT,False,Default,Default,Default,Default,Default,Default,111111111111111111111111,Empty,RyuJit,Default,X64,8c5e7fda-e8bf-4a96-9a85-a6e23a8c635c,.NET 10.0,False,True,False,True,Default,Default,False,False,False,Default,Default,Default,Default,Default,Default,Default,Default,8,500ms,2,Default,Default,Default,Default,Default,Default,16,5,Decode,64,"13,226.51 ns",96.856 ns,90.599 ns,0.64,0.02,3.0000,0.4737,47192 B,0.96
REDoxDecode,Job-CMKKAT,False,Default,Default,Default,Default,Default,Default,111111111111111111111111,Empty,RyuJit,Default,X64,8c5e7fda-e8bf-4a96-9a85-a6e23a8c635c,.NET 10.0,False,True,False,True,Default,Default,False,False,False,Default,Default,Default,Default,Default,Default,Default,Default,8,500ms,2,Default,Default,Default,Default,Default,Default,16,5,Decode,64,"55,127.99 ns",630.721 ns,619.452 ns,2.68,0.08,3.1028,0.4433,49272 B,1.00
SystemFormatsDecode,Job-CMKKAT,False,Default,Default,Default,Default,Default,Default,111111111111111111111111,Empty,RyuJit,Default,X64,8c5e7fda-e8bf-4a96-9a85-a6e23a8c635c,.NET 10.0,False,True,False,True,Default,Default,False,False,False,Default,Default,Default,Default,Default,Default,Default,Default,8,500ms,2,Default,Default,Default,Default,Default,Default,16,5,Decode,64,"68,474.71 ns","1,598.284 ns","1,569.729 ns",3.32,0.12,3.2120,0.4015,50800 B,1.03
PeterODecode,Job-CMKKAT,False,Default,Default,Default,Default,Default,Default,111111111111111111111111,Empty,RyuJit,Default,X64,8c5e7fda-e8bf-4a96-9a85-a6e23a8c635c,.NET 10.0,False,True,False,True,Default,Default,False,False,False,Default,Default,Default,Default,Default,Default,Default,Default,8,500ms,2,Default,Default,Default,Default,Default,Default,16,5,Decode,64,"672,402.89 ns","7,483.000 ns","7,349.307 ns",32.64,0.98,81.1170,66.4894,1290448 B,26.19
CborEncode,Job-CMKKAT,False,Default,Default,Default,Default,Default,Default,111111111111111111111111,Empty,RyuJit,Default,X64,8c5e7fda-e8bf-4a96-9a85-a6e23a8c635c,.NET 10.0,False,True,False,True,Default,Default,False,False,False,Default,Default,Default,Default,Default,Default,Default,Default,8,500ms,2,Default,Default,Default,Default,Default,Default,16,5,Encode,1,227.32 ns,1.671 ns,1.641 ns,1.00,0.01,0.0106,0.0000,168 B,1.00
MessagePackV4Encode,Job-CMKKAT,False,Default,Default,Default,Default,Default,Default,111111111111111111111111,Empty,RyuJit,Default,X64,8c5e7fda-e8bf-4a96-9a85-a6e23a8c635c,.NET 10.0,False,True,False,True,Default,Default,False,False,False,Default,Default,Default,Default,Default,Default,Default,Default,8,500ms,2,Default,Default,Default,Default,Default,Default,16,5,Encode,1,87.36 ns,1.167 ns,1.146 ns,0.38,0.01,0.0090,0.0000,144 B,0.86
REDoxEncode,Job-CMKKAT,False,Default,Default,Default,Default,Default,Default,111111111111111111111111,Empty,RyuJit,Default,X64,8c5e7fda-e8bf-4a96-9a85-a6e23a8c635c,.NET 10.0,False,True,False,True,Default,Default,False,False,False,Default,Default,Default,Default,Default,Default,Default,Default,8,500ms,2,Default,Default,Default,Default,Default,Default,16,5,Encode,1,338.01 ns,3.333 ns,3.118 ns,1.49,0.02,0.0259,0.0000,408 B,2.43
SystemFormatsEncode,Job-CMKKAT,False,Default,Default,Default,Default,Default,Default,111111111111111111111111,Empty,RyuJit,Default,X64,8c5e7fda-e8bf-4a96-9a85-a6e23a8c635c,.NET 10.0,False,True,False,True,Default,Default,False,False,False,Default,Default,Default,Default,Default,Default,Default,Default,8,500ms,2,Default,Default,Default,Default,Default,Default,16,5,Encode,1,932.35 ns,11.458 ns,11.253 ns,4.10,0.06,0.1739,0.0000,2736 B,16.29
PeterOEncode,Job-CMKKAT,False,Default,Default,Default,Default,Default,Default,111111111111111111111111,Empty,RyuJit,Default,X64,8c5e7fda-e8bf-4a96-9a85-a6e23a8c635c,.NET 10.0,False,True,False,True,Default,Default,False,False,False,Default,Default,Default,Default,Default,Default,Default,Default,8,500ms,2,Default,Default,Default,Default,Default,Default,16,5,Encode,1,"3,502.25 ns",29.306 ns,28.782 ns,15.41,0.16,0.9008,0.0140,14192 B,84.48
CborEncode,Job-CMKKAT,False,Default,Default,Default,Default,Default,Default,111111111111111111111111,Empty,RyuJit,Default,X64,8c5e7fda-e8bf-4a96-9a85-a6e23a8c635c,.NET 10.0,False,True,False,True,Default,Default,False,False,False,Default,Default,Default,Default,Default,Default,Default,Default,8,500ms,2,Default,Default,Default,Default,Default,Default,16,5,Encode,64,"13,880.55 ns",758.952 ns,709.924 ns,1.00,0.07,0.5599,0.0000,8896 B,1.00
MessagePackV4Encode,Job-CMKKAT,False,Default,Default,Default,Default,Default,Default,111111111111111111111111,Empty,RyuJit,Default,X64,8c5e7fda-e8bf-4a96-9a85-a6e23a8c635c,.NET 10.0,False,True,False,True,Default,Default,False,False,False,Default,Default,Default,Default,Default,Default,Default,Default,8,500ms,2,Default,Default,Default,Default,Default,Default,16,5,Encode,64,"5,294.08 ns",51.853 ns,48.503 ns,0.38,0.02,0.4488,0.0000,7144 B,0.80
REDoxEncode,Job-CMKKAT,False,Default,Default,Default,Default,Default,Default,111111111111111111111111,Empty,RyuJit,Default,X64,8c5e7fda-e8bf-4a96-9a85-a6e23a8c635c,.NET 10.0,False,True,False,True,Default,Default,False,False,False,Default,Default,Default,Default,Default,Default,Default,Default,8,500ms,2,Default,Default,Default,Default,Default,Default,16,5,Encode,64,"18,381.19 ns",142.502 ns,139.956 ns,1.33,0.07,1.3097,0.0000,20728 B,2.33
SystemFormatsEncode,Job-CMKKAT,False,Default,Default,Default,Default,Default,Default,111111111111111111111111,Empty,RyuJit,Default,X64,8c5e7fda-e8bf-4a96-9a85-a6e23a8c635c,.NET 10.0,False,True,False,True,Default,Default,False,False,False,Default,Default,Default,Default,Default,Default,Default,Default,8,500ms,2,Default,Default,Default,Default,Default,Default,16,5,Encode,64,"41,424.81 ns",941.163 ns,880.365 ns,2.99,0.16,2.6455,0.0827,42280 B,4.75
PeterOEncode,Job-CMKKAT,False,Default,Default,Default,Default,Default,Default,111111111111111111111111,Empty,RyuJit,Default,X64,8c5e7fda-e8bf-4a96-9a85-a6e23a8c635c,.NET 10.0,False,True,False,True,Default,Default,False,False,False,Default,Default,Default,Default,Default,Default,Default,Default,8,500ms,2,Default,Default,Default,Default,Default,Default,16,5,Encode,64,"229,338.30 ns","2,614.834 ns","2,568.117 ns",16.56,0.84,54.1958,33.2168,854544 B,96.06
