Method,Job,AnalyzeLaunchVariance,EvaluateOverhead,MaxAbsoluteError,MaxRelativeError,MinInvokeCount,MinIterationTime,OutlierMode,Affinity,EnvironmentVariables,Jit,LargeAddressAware,Platform,PowerPlanMode,Runtime,AllowVeryLargeObjects,Concurrent,CpuGroups,Force,HeapAffinitizeMask,HeapCount,NoAffinitize,RetainVm,Server,Arguments,BuildConfiguration,Clock,EngineFactory,NuGetReferences,Toolchain,IsMutator,InvocationCount,IterationCount,IterationTime,LaunchCount,MaxIterationCount,MaxWarmupIterationCount,MemoryRandomization,MinIterationCount,MinWarmupIterationCount,RunStrategy,UnrollFactor,WarmupCount,Categories,Mean,Error,StdDev,Ratio,RatioSD,Gen0,Gen1,Allocated,Alloc Ratio
CborDecode,Job-OJPWIB,False,Default,Default,Default,Default,Default,Default,111111111111111111111111,Empty,RyuJit,Default,X64,8c5e7fda-e8bf-4a96-9a85-a6e23a8c635c,.NET 10.0,False,True,False,True,Default,Default,False,False,False,Default,Default,Default,Default,Default,Default,Default,Default,6,200ms,2,Default,Default,Default,Default,Default,Default,16,4,Decode,38.964 μs,0.6960 μs,0.5434 μs,1.00,0.02,4.4643,0.9705,70.48 KB,1.00
MessagePackV4Decode,Job-OJPWIB,False,Default,Default,Default,Default,Default,Default,111111111111111111111111,Empty,RyuJit,Default,X64,8c5e7fda-e8bf-4a96-9a85-a6e23a8c635c,.NET 10.0,False,True,False,True,Default,Default,False,False,False,Default,Default,Default,Default,Default,Default,Default,Default,6,200ms,2,Default,Default,Default,Default,Default,Default,16,4,Decode,26.061 μs,0.4231 μs,0.3060 μs,0.67,0.01,4.5956,1.0504,70.48 KB,1.00
REDoxDecode,Job-OJPWIB,False,Default,Default,Default,Default,Default,Default,111111111111111111111111,Empty,RyuJit,Default,X64,8c5e7fda-e8bf-4a96-9a85-a6e23a8c635c,.NET 10.0,False,True,False,True,Default,Default,False,False,False,Default,Default,Default,Default,Default,Default,Default,Default,6,200ms,2,Default,Default,Default,Default,Default,Default,16,4,Decode,39.014 μs,0.7304 μs,0.5703 μs,1.00,0.02,4.4505,0.9675,70.48 KB,1.00
SystemFormatsDecode,Job-OJPWIB,False,Default,Default,Default,Default,Default,Default,111111111111111111111111,Empty,RyuJit,Default,X64,8c5e7fda-e8bf-4a96-9a85-a6e23a8c635c,.NET 10.0,False,True,False,True,Default,Default,False,False,False,Default,Default,Default,Default,Default,Default,Default,Default,6,200ms,2,Default,Default,Default,Default,Default,Default,16,4,Decode,57.871 μs,1.0116 μs,0.7314 μs,1.49,0.03,9.0962,2.9343,142.43 KB,2.02
PeterODecode,Job-OJPWIB,False,Default,Default,Default,Default,Default,Default,111111111111111111111111,Empty,RyuJit,Default,X64,8c5e7fda-e8bf-4a96-9a85-a6e23a8c635c,.NET 10.0,False,True,False,True,Default,Default,False,False,False,Default,Default,Default,Default,Default,Default,Default,Default,6,200ms,2,Default,Default,Default,Default,Default,Default,16,4,Decode,759.704 μs,262.9990 μs,205.3323 μs,19.50,5.07,31.2500,0.0000,594.61 KB,8.44
CborEncode,Job-OJPWIB,False,Default,Default,Default,Default,Default,Default,111111111111111111111111,Empty,RyuJit,Default,X64,8c5e7fda-e8bf-4a96-9a85-a6e23a8c635c,.NET 10.0,False,True,False,True,Default,Default,False,False,False,Default,Default,Default,Default,Default,Default,Default,Default,6,200ms,2,Default,Default,Default,Default,Default,Default,16,4,Encode,14.564 μs,0.2024 μs,0.1580 μs,1.00,0.01,0.9481,0.0000,14.67 KB,1.00
MessagePackV4Encode,Job-OJPWIB,False,Default,Default,Default,Default,Default,Default,111111111111111111111111,Empty,RyuJit,Default,X64,8c5e7fda-e8bf-4a96-9a85-a6e23a8c635c,.NET 10.0,False,True,False,True,Default,Default,False,False,False,Default,Default,Default,Default,Default,Default,Default,Default,6,200ms,2,Default,Default,Default,Default,Default,Default,16,4,Encode,7.894 μs,0.0542 μs,0.0392 μs,0.54,0.01,0.9506,0.0000,14.68 KB,1.00
REDoxEncode,Job-OJPWIB,False,Default,Default,Default,Default,Default,Default,111111111111111111111111,Empty,RyuJit,Default,X64,8c5e7fda-e8bf-4a96-9a85-a6e23a8c635c,.NET 10.0,False,True,False,True,Default,Default,False,False,False,Default,Default,Default,Default,Default,Default,Default,Default,6,200ms,2,Default,Default,Default,Default,Default,Default,16,4,Encode,14.428 μs,0.0988 μs,0.0654 μs,0.99,0.01,1.0139,0.0000,15.72 KB,1.07
SystemFormatsEncode,Job-OJPWIB,False,Default,Default,Default,Default,Default,Default,111111111111111111111111,Empty,RyuJit,Default,X64,8c5e7fda-e8bf-4a96-9a85-a6e23a8c635c,.NET 10.0,False,True,False,True,Default,Default,False,False,False,Default,Default,Default,Default,Default,Default,Default,Default,6,200ms,2,Default,Default,Default,Default,Default,Default,16,4,Encode,37.480 μs,0.5781 μs,0.4513 μs,2.57,0.04,7.6722,1.4970,117.73 KB,8.02
PeterOEncode,Job-OJPWIB,False,Default,Default,Default,Default,Default,Default,111111111111111111111111,Empty,RyuJit,Default,X64,8c5e7fda-e8bf-4a96-9a85-a6e23a8c635c,.NET 10.0,False,True,False,True,Default,Default,False,False,False,Default,Default,Default,Default,Default,Default,Default,Default,6,200ms,2,Default,Default,Default,Default,Default,Default,16,4,Encode,863.203 μs,24.1346 μs,17.4509 μs,59.28,1.30,20.8333,8.3333,380.9 KB,25.96
